"Frame","Distance","Distance_mm","Time","ElapsedTimeMin","DiffTimeMin","IsInteracting"
13,0,0,0.0216666666666667,0,0,TRUE
14,18.1107702762748,181.107702762748,0.0233333333333333,0.00166666666666666,0.00166666666666666,FALSE
15,22.0907220343745,220.907220343745,0.025,0.00333333333333333,0.00166666666666667,FALSE
16,23.5372045918796,235.372045918796,0.0266666666666667,0.005,0.00166666666666667,FALSE
17,18.1107702762748,181.107702762748,0.0283333333333333,0.00666666666666666,0.00166666666666666,FALSE
18,13.0384048104053,130.384048104053,0.03,0.00833333333333333,0.00166666666666667,FALSE
30,13.8924439894498,138.924439894498,0.05,0.0283333333333333,0.02,FALSE
45,18.0277563773199,180.277563773199,0.075,0.0533333333333333,0.025,FALSE
46,21.1896201004171,211.896201004171,0.0766666666666667,0.055,0.00166666666666666,FALSE
47,22.4722050542442,224.722050542442,0.0783333333333333,0.0566666666666667,0.00166666666666668,FALSE
48,27.2029410174709,272.029410174709,0.08,0.0583333333333333,0.00166666666666666,FALSE
49,25.3179778023443,253.179778023443,0.0816666666666667,0.06,0.00166666666666668,FALSE
50,25.0798724079689,250.798724079689,0.0833333333333333,0.0616666666666667,0.00166666666666665,FALSE
51,23,230,0.085,0.0633333333333333,0.00166666666666666,FALSE
52,20.2237484161567,202.237484161567,0.0866666666666667,0.065,0.00166666666666668,FALSE
53,18.2482875908947,182.482875908947,0.0883333333333333,0.0666666666666667,0.00166666666666666,FALSE
54,16.2788205960997,162.788205960997,0.09,0.0683333333333333,0.00166666666666668,FALSE
55,0,0,0.0916666666666667,0.07,0.00166666666666665,TRUE
56,0,0,0.0933333333333333,0.0716666666666667,0.00166666666666666,TRUE
57,0,0,0.095,0.0733333333333333,0.00166666666666668,TRUE
58,0,0,0.0966666666666667,0.075,0.00166666666666666,TRUE
59,0,0,0.0983333333333333,0.0766666666666667,0.00166666666666668,TRUE
60,0,0,0.1,0.0783333333333333,0.00166666666666666,TRUE
61,0,0,0.101666666666667,0.08,0.00166666666666665,TRUE
67,0,0,0.111666666666667,0.09,0.01,TRUE
68,0,0,0.113333333333333,0.0916666666666667,0.00166666666666666,TRUE
69,0,0,0.115,0.0933333333333333,0.00166666666666668,TRUE
70,0,0,0.116666666666667,0.095,0.00166666666666666,TRUE
75,0,0,0.125,0.103333333333333,0.00833333333333333,TRUE
76,0,0,0.126666666666667,0.105,0.00166666666666665,TRUE
77,0,0,0.128333333333333,0.106666666666667,0.00166666666666668,TRUE
79,0,0,0.131666666666667,0.11,0.00333333333333335,TRUE
81,0,0,0.135,0.113333333333333,0.0033333333333333,TRUE
87,23.6008474424119,236.008474424119,0.145,0.123333333333333,0.01,FALSE
88,28.3019433961698,283.019433961698,0.146666666666667,0.125,0.00166666666666668,FALSE
102,0,0,0.17,0.148333333333333,0.0233333333333333,TRUE
103,0,0,0.171666666666667,0.15,0.00166666666666671,TRUE
104,0,0,0.173333333333333,0.151666666666667,0.00166666666666665,TRUE
124,0,0,0.206666666666667,0.185,0.0333333333333333,TRUE
125,0,0,0.208333333333333,0.186666666666667,0.00166666666666668,TRUE
126,0,0,0.21,0.188333333333333,0.00166666666666665,TRUE
131,0,0,0.218333333333333,0.196666666666667,0.00833333333333333,TRUE
132,0,0,0.22,0.198333333333333,0.00166666666666668,TRUE
205,0,0,0.341666666666667,0.32,0.121666666666667,TRUE
206,0,0,0.343333333333333,0.321666666666667,0.00166666666666671,TRUE
207,0,0,0.345,0.323333333333333,0.00166666666666659,TRUE
208,0,0,0.346666666666667,0.325,0.00166666666666671,TRUE
209,0,0,0.348333333333333,0.326666666666667,0.00166666666666665,TRUE
210,0,0,0.35,0.328333333333333,0.00166666666666665,TRUE
238,0,0,0.396666666666667,0.375,0.0466666666666667,TRUE
239,0,0,0.398333333333333,0.376666666666667,0.00166666666666665,TRUE
240,0,0,0.4,0.378333333333333,0.00166666666666671,TRUE
241,0,0,0.401666666666667,0.38,0.00166666666666665,TRUE
279,0,0,0.465,0.443333333333333,0.0633333333333333,TRUE
385,22.3606797749979,223.606797749979,0.641666666666667,0.62,0.176666666666667,FALSE
402,0,0,0.67,0.648333333333333,0.0283333333333333,TRUE
411,0,0,0.685,0.663333333333333,0.015,TRUE
416,0,0,0.693333333333333,0.671666666666667,0.0083333333333333,TRUE
421,0,0,0.701666666666667,0.68,0.0083333333333333,TRUE
428,0,0,0.713333333333333,0.691666666666667,0.0116666666666666,TRUE
429,0,0,0.715,0.693333333333333,0.00166666666666671,TRUE
431,0,0,0.718333333333333,0.696666666666667,0.00333333333333341,TRUE
441,14.560219778561,145.60219778561,0.735,0.713333333333333,0.0166666666666666,FALSE
442,14.3178210632764,143.178210632764,0.736666666666667,0.715,0.00166666666666671,FALSE
443,16.1245154965971,161.245154965971,0.738333333333333,0.716666666666667,0.00166666666666659,FALSE
447,13.1529464379659,131.529464379659,0.745,0.723333333333333,0.00666666666666671,FALSE
453,0,0,0.755,0.733333333333333,0.01,TRUE
454,0,0,0.756666666666667,0.735,0.00166666666666659,TRUE
455,0,0,0.758333333333333,0.736666666666667,0.00166666666666671,TRUE
456,0,0,0.76,0.738333333333333,0.00166666666666671,TRUE
457,0,0,0.761666666666667,0.74,0.00166666666666671,TRUE
458,0,0,0.763333333333333,0.741666666666667,0.00166666666666659,TRUE
459,0,0,0.765,0.743333333333333,0.00166666666666671,TRUE
460,0,0,0.766666666666667,0.745,0.00166666666666671,TRUE
483,0,0,0.805,0.783333333333333,0.0383333333333332,TRUE
484,0,0,0.806666666666667,0.785,0.00166666666666671,TRUE
485,0,0,0.808333333333333,0.786666666666667,0.00166666666666671,TRUE
486,0,0,0.81,0.788333333333333,0.00166666666666671,TRUE
487,0,0,0.811666666666667,0.79,0.00166666666666671,TRUE
488,2.23606797749979,22.3606797749979,0.813333333333333,0.791666666666667,0.00166666666666648,FALSE
489,8.06225774829855,80.6225774829855,0.815,0.793333333333333,0.00166666666666671,FALSE
554,20.5182845286832,205.182845286832,0.923333333333333,0.901666666666667,0.108333333333333,FALSE
555,20,200,0.925,0.903333333333333,0.00166666666666671,FALSE
556,18.8679622641132,188.679622641132,0.926666666666667,0.905,0.00166666666666659,FALSE
557,17,170,0.928333333333333,0.906666666666667,0.00166666666666671,FALSE
558,17.0880074906351,170.880074906351,0.93,0.908333333333333,0.00166666666666659,FALSE
559,15.52417469626,155.2417469626,0.931666666666667,0.91,0.00166666666666671,FALSE
560,15.2970585407784,152.970585407784,0.933333333333333,0.911666666666667,0.00166666666666671,FALSE
561,16.1245154965971,161.245154965971,0.935,0.913333333333333,0.00166666666666671,FALSE
562,16.1245154965971,161.245154965971,0.936666666666667,0.915,0.00166666666666671,FALSE
563,16,160,0.938333333333333,0.916666666666667,0.00166666666666648,FALSE
571,0,0,0.951666666666667,0.93,0.0133333333333334,TRUE
572,0,0,0.953333333333333,0.931666666666667,0.00166666666666671,TRUE
573,0,0,0.955,0.933333333333333,0.00166666666666659,TRUE
574,0,0,0.956666666666667,0.935,0.00166666666666671,TRUE
575,0,0,0.958333333333333,0.936666666666667,0.00166666666666671,TRUE
576,0,0,0.96,0.938333333333333,0.00166666666666671,TRUE
599,0,0,0.998333333333333,0.976666666666667,0.0383333333333332,TRUE
600,0,0,1,0.978333333333333,0.00166666666666671,TRUE
601,0,0,1.00166666666667,0.98,0.00166666666666671,TRUE
602,0,0,1.00333333333333,0.981666666666667,0.00166666666666671,TRUE
603,0,0,1.005,0.983333333333333,0.00166666666666648,TRUE
616,0,0,1.02666666666667,1.005,0.0216666666666667,TRUE
617,0,0,1.02833333333333,1.00666666666667,0.00166666666666671,TRUE
722,0,0,1.20333333333333,1.18166666666667,0.175,TRUE
723,0,0,1.205,1.18333333333333,0.00166666666666648,TRUE
724,0,0,1.20666666666667,1.185,0.00166666666666693,TRUE
725,0,0,1.20833333333333,1.18666666666667,0.00166666666666648,TRUE
726,0,0,1.21,1.18833333333333,0.00166666666666671,TRUE
727,0,0,1.21166666666667,1.19,0.00166666666666671,TRUE
728,0,0,1.21333333333333,1.19166666666667,0.00166666666666671,TRUE
750,0,0,1.25,1.22833333333333,0.0366666666666666,TRUE
751,0,0,1.25166666666667,1.23,0.00166666666666648,TRUE
752,0,0,1.25333333333333,1.23166666666667,0.00166666666666693,TRUE
753,0,0,1.255,1.23333333333333,0.00166666666666648,TRUE
754,0,0,1.25666666666667,1.235,0.00166666666666693,TRUE
755,0,0,1.25833333333333,1.23666666666667,0.00166666666666648,TRUE
756,0,0,1.26,1.23833333333333,0.00166666666666671,TRUE
758,0,0,1.26333333333333,1.24166666666667,0.00333333333333319,TRUE
759,0,0,1.265,1.24333333333333,0.00166666666666693,TRUE
760,0,0,1.26666666666667,1.245,0.00166666666666648,TRUE
761,0,0,1.26833333333333,1.24666666666667,0.00166666666666671,TRUE
778,0,0,1.29666666666667,1.275,0.0283333333333333,TRUE
779,0,0,1.29833333333333,1.27666666666667,0.00166666666666671,TRUE
780,0,0,1.3,1.27833333333333,0.00166666666666671,TRUE
781,0,0,1.30166666666667,1.28,0.00166666666666648,TRUE
782,17.8044938147649,178.044938147649,1.30333333333333,1.28166666666667,0.00166666666666693,FALSE
783,19.4164878389476,194.164878389476,1.305,1.28333333333333,0.00166666666666648,FALSE
784,21.095023109729,210.95023109729,1.30666666666667,1.285,0.00166666666666693,FALSE
785,21.9317121994613,219.317121994613,1.30833333333333,1.28666666666667,0.00166666666666648,FALSE
786,24.6981780704569,246.981780704569,1.31,1.28833333333333,0.00166666666666648,FALSE
787,26.2488094968134,262.488094968134,1.31166666666667,1.29,0.00166666666666693,FALSE
788,23.7697286480094,237.697286480094,1.31333333333333,1.29166666666667,0.00166666666666648,FALSE
789,23.7697286480094,237.697286480094,1.315,1.29333333333333,0.00166666666666693,FALSE
790,23.3452350598575,233.452350598575,1.31666666666667,1.295,0.00166666666666648,FALSE
791,22.3606797749979,223.606797749979,1.31833333333333,1.29666666666667,0.00166666666666648,FALSE
792,21.0237960416286,210.237960416286,1.32,1.29833333333333,0.00166666666666693,FALSE
793,21,210,1.32166666666667,1.3,0.00166666666666648,FALSE
794,22,220,1.32333333333333,1.30166666666667,0.00166666666666693,FALSE
795,25.0199920063936,250.199920063936,1.325,1.30333333333333,0.00166666666666648,FALSE
796,24.1867732448956,241.867732448956,1.32666666666667,1.305,0.00166666666666671,FALSE
797,25.4950975679639,254.950975679639,1.32833333333333,1.30666666666667,0.00166666666666671,FALSE
798,0,0,1.33,1.30833333333333,0.00166666666666648,TRUE
799,0,0,1.33166666666667,1.31,0.00166666666666693,TRUE
800,0,0,1.33333333333333,1.31166666666667,0.00166666666666648,TRUE
801,0,0,1.335,1.31333333333333,0.00166666666666671,TRUE
802,0,0,1.33666666666667,1.315,0.00166666666666671,TRUE
803,0,0,1.33833333333333,1.31666666666667,0.00166666666666671,TRUE
804,0,0,1.34,1.31833333333333,0.00166666666666671,TRUE
805,0,0,1.34166666666667,1.32,0.00166666666666648,TRUE
806,0,0,1.34333333333333,1.32166666666667,0.00166666666666671,TRUE
807,0,0,1.345,1.32333333333333,0.00166666666666671,TRUE
808,0,0,1.34666666666667,1.325,0.00166666666666671,TRUE
809,0,0,1.34833333333333,1.32666666666667,0.00166666666666671,TRUE
810,0,0,1.35,1.32833333333333,0.00166666666666671,TRUE
811,0,0,1.35166666666667,1.33,0.00166666666666648,TRUE
812,0,0,1.35333333333333,1.33166666666667,0.00166666666666671,TRUE
813,0,0,1.355,1.33333333333333,0.00166666666666671,TRUE
814,0,0,1.35666666666667,1.335,0.00166666666666671,TRUE
815,0,0,1.35833333333333,1.33666666666667,0.00166666666666671,TRUE
816,0,0,1.36,1.33833333333333,0.00166666666666648,TRUE
817,0,0,1.36166666666667,1.34,0.00166666666666693,TRUE
818,0,0,1.36333333333333,1.34166666666667,0.00166666666666648,TRUE
819,0,0,1.365,1.34333333333333,0.00166666666666671,TRUE
820,0,0,1.36666666666667,1.345,0.00166666666666671,TRUE
821,0,0,1.36833333333333,1.34666666666667,0.00166666666666648,TRUE
822,0,0,1.37,1.34833333333333,0.00166666666666693,TRUE
823,0,0,1.37166666666667,1.35,0.00166666666666648,TRUE
824,0,0,1.37333333333333,1.35166666666667,0.00166666666666693,TRUE
825,0,0,1.375,1.35333333333333,0.00166666666666648,TRUE
826,0,0,1.37666666666667,1.355,0.00166666666666648,TRUE
827,0,0,1.37833333333333,1.35666666666667,0.00166666666666693,TRUE
829,0,0,1.38166666666667,1.36,0.00333333333333341,TRUE
831,23.259406699226,232.59406699226,1.385,1.36333333333333,0.00333333333333319,FALSE
833,22.4722050542442,224.722050542442,1.38833333333333,1.36666666666667,0.00333333333333319,FALSE
850,0,0,1.41666666666667,1.395,0.0283333333333335,TRUE
851,0,0,1.41833333333333,1.39666666666667,0.00166666666666648,TRUE
853,0,0,1.42166666666667,1.4,0.00333333333333341,TRUE
854,0,0,1.42333333333333,1.40166666666667,0.00166666666666671,TRUE
855,0,0,1.425,1.40333333333333,0.00166666666666671,TRUE
911,0,0,1.51833333333333,1.49666666666667,0.0933333333333333,TRUE
912,0,0,1.52,1.49833333333333,0.00166666666666671,TRUE
913,0,0,1.52166666666667,1.5,0.00166666666666671,TRUE
914,19.2353840616713,192.353840616713,1.52333333333333,1.50166666666667,0.00166666666666671,FALSE
915,21.6333076527839,216.333076527839,1.525,1.50333333333333,0.00166666666666648,FALSE
916,22.4722050542442,224.722050542442,1.52666666666667,1.505,0.00166666666666671,FALSE
917,22.8035085019828,228.035085019828,1.52833333333333,1.50666666666667,0.00166666666666671,FALSE
918,24.8394846967484,248.394846967484,1.53,1.50833333333333,0.00166666666666671,FALSE
919,26.8700576850888,268.700576850888,1.53166666666667,1.51,0.00166666666666671,FALSE
920,29.0688837074973,290.688837074973,1.53333333333333,1.51166666666667,0.00166666666666671,FALSE
921,30,300,1.535,1.51333333333333,0.00166666666666648,FALSE
922,32.4499614791759,324.499614791759,1.53666666666667,1.515,0.00166666666666671,FALSE
923,35.3553390593274,353.553390593274,1.53833333333333,1.51666666666667,0.00166666666666671,FALSE
924,40.7185461430047,407.185461430047,1.54,1.51833333333333,0.00166666666666671,FALSE
925,42.7200187265877,427.200187265877,1.54166666666667,1.52,0.00166666666666671,FALSE
926,44.0113621693308,440.113621693308,1.54333333333333,1.52166666666667,0.00166666666666648,FALSE
927,43.6577599058861,436.577599058861,1.545,1.52333333333333,0.00166666666666693,FALSE
928,44.5982062419555,445.982062419555,1.54666666666667,1.525,0.00166666666666648,FALSE
929,44.9221548904324,449.221548904324,1.54833333333333,1.52666666666667,0.00166666666666671,FALSE
930,46.8401537145215,468.401537145215,1.55,1.52833333333333,0.00166666666666671,FALSE
931,48.2700735445887,482.700735445887,1.55166666666667,1.53,0.00166666666666648,FALSE
932,49.8196748283246,498.196748283246,1.55333333333333,1.53166666666667,0.00166666666666693,FALSE
933,53.2353266168247,532.353266168247,1.555,1.53333333333333,0.00166666666666648,FALSE
934,51.0881590977792,510.881590977792,1.55666666666667,1.535,0.00166666666666693,FALSE
935,51,510,1.55833333333333,1.53666666666667,0.00166666666666648,FALSE
936,53.084837759948,530.84837759948,1.56,1.53833333333333,0.00166666666666648,FALSE
937,53.3385414123783,533.385414123783,1.56166666666667,1.54,0.00166666666666693,FALSE
938,53.7587202228625,537.587202228625,1.56333333333333,1.54166666666667,0.00166666666666648,FALSE
939,52.3927475897189,523.927475897189,1.565,1.54333333333333,0.00166666666666693,FALSE
940,49.0407993409569,490.407993409569,1.56666666666667,1.545,0.00166666666666648,FALSE
941,49.0407993409569,490.407993409569,1.56833333333333,1.54666666666667,0.00166666666666648,FALSE
942,45.6946386351835,456.946386351835,1.57,1.54833333333333,0.00166666666666693,FALSE
943,41.5932686861708,415.932686861708,1.57166666666667,1.55,0.00166666666666648,FALSE
944,38.2753184180093,382.753184180093,1.57333333333333,1.55166666666667,0.00166666666666693,FALSE
945,36.4005494464026,364.005494464026,1.575,1.55333333333333,0.00166666666666648,FALSE
946,37.4833296279826,374.833296279826,1.57666666666667,1.555,0.00166666666666671,FALSE
947,30.4795013082563,304.795013082563,1.57833333333333,1.55666666666667,0.00166666666666671,FALSE
948,29.8328677803526,298.328677803526,1.58,1.55833333333333,0.00166666666666648,FALSE
949,26.6270539113887,266.270539113887,1.58166666666667,1.56,0.00166666666666693,FALSE
950,26.4196896272458,264.196896272458,1.58333333333333,1.56166666666667,0.00166666666666648,FALSE
951,24.1660919471891,241.660919471891,1.585,1.56333333333333,0.00166666666666671,FALSE
952,20.2484567313166,202.484567313166,1.58666666666667,1.565,0.00166666666666671,FALSE
953,19.6468827043885,196.468827043885,1.58833333333333,1.56666666666667,0.00166666666666671,FALSE
954,20.2237484161567,202.237484161567,1.59,1.56833333333333,0.00166666666666671,FALSE
955,22.0227155455452,220.227155455452,1.59166666666667,1.57,0.00166666666666648,FALSE
956,19.0262975904404,190.262975904404,1.59333333333333,1.57166666666667,0.00166666666666671,FALSE
961,20.6155281280883,206.155281280883,1.60166666666667,1.58,0.0083333333333333,FALSE
962,21.0237960416286,210.237960416286,1.60333333333333,1.58166666666667,0.00166666666666671,FALSE
963,21.9544984001001,219.544984001001,1.605,1.58333333333333,0.00166666666666671,FALSE
964,21.095023109729,210.95023109729,1.60666666666667,1.585,0.00166666666666671,FALSE
1013,0,0,1.68833333333333,1.66666666666667,0.0816666666666666,TRUE
1014,0,0,1.69,1.66833333333333,0.00166666666666693,TRUE
1054,0,0,1.75666666666667,1.735,0.0666666666666667,TRUE
1067,0,0,1.77833333333333,1.75666666666667,0.0216666666666665,TRUE
1068,0,0,1.78,1.75833333333333,0.00166666666666671,TRUE
1069,0,0,1.78166666666667,1.76,0.00166666666666671,TRUE
1070,0,0,1.78333333333333,1.76166666666667,0.00166666666666671,TRUE
1071,0,0,1.785,1.76333333333333,0.00166666666666648,TRUE
1072,0,0,1.78666666666667,1.765,0.00166666666666671,TRUE
1073,18.3575597506858,183.575597506858,1.78833333333333,1.76666666666667,0.00166666666666671,FALSE
1074,19.723082923316,197.23082923316,1.79,1.76833333333333,0.00166666666666671,FALSE
1075,20.8086520466848,208.086520466848,1.79166666666667,1.77,0.00166666666666671,FALSE
1076,20,200,1.79333333333333,1.77166666666667,0.00166666666666648,FALSE
1077,20.6155281280883,206.155281280883,1.795,1.77333333333333,0.00166666666666693,FALSE
1078,22.6715680975093,226.715680975093,1.79666666666667,1.775,0.00166666666666648,FALSE
1079,24.0416305603426,240.416305603426,1.79833333333333,1.77666666666667,0.00166666666666671,FALSE
1080,25,250,1.8,1.77833333333333,0.00166666666666671,FALSE
1081,24.4131112314674,244.131112314674,1.80166666666667,1.78,0.00166666666666648,FALSE
1082,28.1780056072107,281.780056072107,1.80333333333333,1.78166666666667,0.00166666666666693,FALSE
1083,29.5296461204668,295.296461204668,1.805,1.78333333333333,0.00166666666666648,FALSE
1084,27.7308492477241,277.308492477241,1.80666666666667,1.785,0.00166666666666693,FALSE
1085,32.6955654485436,326.955654485436,1.80833333333333,1.78666666666667,0.00166666666666648,FALSE
1086,29.732137494637,297.32137494637,1.81,1.78833333333333,0.00166666666666648,FALSE
1087,26.5706605111728,265.706605111728,1.81166666666667,1.79,0.00166666666666693,FALSE
1088,26.5706605111728,265.706605111728,1.81333333333333,1.79166666666667,0.00166666666666648,FALSE
1089,22.4722050542442,224.722050542442,1.815,1.79333333333333,0.00166666666666693,FALSE
1090,0,0,1.81666666666667,1.795,0.00166666666666648,TRUE
1091,0,0,1.81833333333333,1.79666666666667,0.00166666666666648,TRUE
1092,0,0,1.82,1.79833333333333,0.00166666666666693,TRUE
1093,0,0,1.82166666666667,1.8,0.00166666666666648,TRUE
1094,0,0,1.82333333333333,1.80166666666667,0.00166666666666693,TRUE
1095,0,0,1.825,1.80333333333333,0.00166666666666648,TRUE
1096,0,0,1.82666666666667,1.805,0.00166666666666671,TRUE
1097,0,0,1.82833333333333,1.80666666666667,0.00166666666666671,TRUE
1098,25.1793566240283,251.793566240283,1.83,1.80833333333333,0.00166666666666648,FALSE
1099,0,0,1.83166666666667,1.81,0.00166666666666693,TRUE
1100,0,0,1.83333333333333,1.81166666666667,0.00166666666666648,TRUE
1101,0,0,1.835,1.81333333333333,0.00166666666666671,TRUE
1102,0,0,1.83666666666667,1.815,0.00166666666666671,TRUE
1119,19.1049731745428,191.049731745428,1.865,1.84333333333333,0.0283333333333333,FALSE
1120,18.0277563773199,180.277563773199,1.86666666666667,1.845,0.00166666666666671,FALSE
1125,0,0,1.875,1.85333333333333,0.0083333333333333,TRUE
1126,0,0,1.87666666666667,1.855,0.00166666666666648,TRUE
1127,0,0,1.87833333333333,1.85666666666667,0.00166666666666693,TRUE
1128,17.4928556845359,174.928556845359,1.88,1.85833333333333,0.00166666666666648,FALSE
1129,0,0,1.88166666666667,1.86,0.00166666666666693,TRUE
1130,0,0,1.88333333333333,1.86166666666667,0.00166666666666648,TRUE
1171,0,0,1.95166666666667,1.93,0.0683333333333334,TRUE
1172,0,0,1.95333333333333,1.93166666666667,0.00166666666666671,TRUE
1173,0,0,1.955,1.93333333333333,0.00166666666666648,TRUE
1174,0,0,1.95666666666667,1.935,0.00166666666666693,TRUE
1175,0,0,1.95833333333333,1.93666666666667,0.00166666666666648,TRUE
1176,0,0,1.96,1.93833333333333,0.00166666666666671,TRUE
1177,0,0,1.96166666666667,1.94,0.00166666666666671,TRUE
1178,0,0,1.96333333333333,1.94166666666667,0.00166666666666671,TRUE
1179,0,0,1.965,1.94333333333333,0.00166666666666671,TRUE
1180,0,0,1.96666666666667,1.945,0.00166666666666648,TRUE
1181,0,0,1.96833333333333,1.94666666666667,0.00166666666666671,TRUE
1182,0,0,1.97,1.94833333333333,0.00166666666666671,TRUE
1183,0,0,1.97166666666667,1.95,0.00166666666666671,TRUE
1184,0,0,1.97333333333333,1.95166666666667,0.00166666666666671,TRUE
1185,0,0,1.975,1.95333333333333,0.00166666666666671,TRUE
1186,0,0,1.97666666666667,1.955,0.00166666666666648,TRUE
1187,0,0,1.97833333333333,1.95666666666667,0.00166666666666671,TRUE
1188,0,0,1.98,1.95833333333333,0.00166666666666671,TRUE
1189,0,0,1.98166666666667,1.96,0.00166666666666671,TRUE
1190,0,0,1.98333333333333,1.96166666666667,0.00166666666666671,TRUE
1191,0,0,1.985,1.96333333333333,0.00166666666666648,TRUE
1192,0,0,1.98666666666667,1.965,0.00166666666666693,TRUE
1193,0,0,1.98833333333333,1.96666666666667,0.00166666666666648,TRUE
1194,0,0,1.99,1.96833333333333,0.00166666666666671,TRUE
1195,0,0,1.99166666666667,1.97,0.00166666666666671,TRUE
1196,0,0,1.99333333333333,1.97166666666667,0.00166666666666648,TRUE
1197,0,0,1.995,1.97333333333333,0.00166666666666693,TRUE
1198,0,0,1.99666666666667,1.975,0.00166666666666648,TRUE
1199,0,0,1.99833333333333,1.97666666666667,0.00166666666666693,TRUE
1200,0,0,2,1.97833333333333,0.00166666666666648,TRUE
1201,0,0,2.00166666666667,1.98,0.00166666666666648,TRUE
1202,0,0,2.00333333333333,1.98166666666667,0.00166666666666693,TRUE
1203,0,0,2.005,1.98333333333333,0.00166666666666648,TRUE
1204,0,0,2.00666666666667,1.985,0.00166666666666693,TRUE
1205,0,0,2.00833333333333,1.98666666666667,0.00166666666666648,TRUE
1206,0,0,2.01,1.98833333333333,0.00166666666666648,TRUE
1207,0,0,2.01166666666667,1.99,0.00166666666666693,TRUE
1208,0,0,2.01333333333333,1.99166666666667,0.00166666666666648,TRUE
1209,0,0,2.015,1.99333333333333,0.00166666666666693,TRUE
1210,0,0,2.01666666666667,1.995,0.00166666666666648,TRUE
1211,0,0,2.01833333333333,1.99666666666667,0.00166666666666648,TRUE
1212,0,0,2.02,1.99833333333333,0.00166666666666693,TRUE
1213,0,0,2.02166666666667,2,0.00166666666666648,TRUE
1214,0,0,2.02333333333333,2.00166666666667,0.00166666666666693,TRUE
1215,0,0,2.025,2.00333333333333,0.00166666666666648,TRUE
1216,0,0,2.02666666666667,2.005,0.00166666666666648,TRUE
1217,0,0,2.02833333333333,2.00666666666667,0.00166666666666693,TRUE
1218,0,0,2.03,2.00833333333333,0.00166666666666648,TRUE
1219,0,0,2.03166666666667,2.01,0.00166666666666693,TRUE
1220,0,0,2.03333333333333,2.01166666666667,0.00166666666666648,TRUE
1221,0,0,2.035,2.01333333333333,0.00166666666666648,TRUE
1222,0,0,2.03666666666667,2.015,0.00166666666666693,TRUE
1223,0,0,2.03833333333333,2.01666666666667,0.00166666666666648,TRUE
1224,0,0,2.04,2.01833333333333,0.00166666666666693,TRUE
1225,0,0,2.04166666666667,2.02,0.00166666666666648,TRUE
1226,0,0,2.04333333333333,2.02166666666667,0.00166666666666693,TRUE
1227,0,0,2.045,2.02333333333333,0.00166666666666648,TRUE
1228,0,0,2.04666666666667,2.025,0.00166666666666648,TRUE
1229,0,0,2.04833333333333,2.02666666666667,0.00166666666666693,TRUE
1230,0,0,2.05,2.02833333333333,0.00166666666666648,TRUE
1231,0,0,2.05166666666667,2.03,0.00166666666666693,TRUE
1232,0,0,2.05333333333333,2.03166666666667,0.00166666666666648,TRUE
1233,0,0,2.055,2.03333333333333,0.00166666666666693,TRUE
1234,0,0,2.05666666666667,2.035,0.00166666666666648,TRUE
1245,0,0,2.075,2.05333333333333,0.0183333333333335,TRUE
1246,0,0,2.07666666666667,2.055,0.00166666666666648,TRUE
1247,0,0,2.07833333333333,2.05666666666667,0.00166666666666693,TRUE
1248,0,0,2.08,2.05833333333333,0.00166666666666648,TRUE
1249,0,0,2.08166666666667,2.06,0.00166666666666648,TRUE
1250,0,0,2.08333333333333,2.06166666666667,0.00166666666666693,TRUE
1251,0,0,2.085,2.06333333333333,0.00166666666666648,TRUE
1252,0,0,2.08666666666667,2.065,0.00166666666666693,TRUE
1253,0,0,2.08833333333333,2.06666666666667,0.00166666666666648,TRUE
1254,0,0,2.09,2.06833333333333,0.00166666666666693,TRUE
1255,0,0,2.09166666666667,2.07,0.00166666666666648,TRUE
1256,0,0,2.09333333333333,2.07166666666667,0.00166666666666648,TRUE
1257,0,0,2.095,2.07333333333333,0.00166666666666693,TRUE
1258,0,0,2.09666666666667,2.075,0.00166666666666648,TRUE
1259,0,0,2.09833333333333,2.07666666666667,0.00166666666666693,TRUE
1260,0,0,2.1,2.07833333333333,0.00166666666666648,TRUE
1261,0,0,2.10166666666667,2.08,0.00166666666666648,TRUE
1262,0,0,2.10333333333333,2.08166666666667,0.00166666666666693,TRUE
1263,0,0,2.105,2.08333333333333,0.00166666666666648,TRUE
1264,0,0,2.10666666666667,2.085,0.00166666666666693,TRUE
1265,0,0,2.10833333333333,2.08666666666667,0.00166666666666648,TRUE
1266,0,0,2.11,2.08833333333333,0.00166666666666648,TRUE
1267,0,0,2.11166666666667,2.09,0.00166666666666693,TRUE
1268,0,0,2.11333333333333,2.09166666666667,0.00166666666666648,TRUE
1269,0,0,2.115,2.09333333333333,0.00166666666666693,TRUE
1270,0,0,2.11666666666667,2.095,0.00166666666666648,TRUE
1271,0,0,2.11833333333333,2.09666666666667,0.00166666666666648,TRUE
1272,0,0,2.12,2.09833333333333,0.00166666666666693,TRUE
1273,0,0,2.12166666666667,2.1,0.00166666666666648,TRUE
1274,0,0,2.12333333333333,2.10166666666667,0.00166666666666693,TRUE
1275,0,0,2.125,2.10333333333333,0.00166666666666648,TRUE
1276,0,0,2.12666666666667,2.105,0.00166666666666648,TRUE
1277,0,0,2.12833333333333,2.10666666666667,0.00166666666666693,TRUE
1278,0,0,2.13,2.10833333333333,0.00166666666666648,TRUE
1279,0,0,2.13166666666667,2.11,0.00166666666666693,TRUE
1280,0,0,2.13333333333333,2.11166666666667,0.00166666666666648,TRUE
1281,0,0,2.135,2.11333333333333,0.00166666666666648,TRUE
1282,0,0,2.13666666666667,2.115,0.00166666666666648,TRUE
1283,0,0,2.13833333333333,2.11666666666667,0.00166666666666737,TRUE
1284,0,0,2.14,2.11833333333333,0.00166666666666648,TRUE
1285,0,0,2.14166666666667,2.12,0.00166666666666648,TRUE
1286,0,0,2.14333333333333,2.12166666666667,0.00166666666666648,TRUE
1287,0,0,2.145,2.12333333333333,0.00166666666666693,TRUE
1288,0,0,2.14666666666667,2.125,0.00166666666666693,TRUE
1289,0,0,2.14833333333333,2.12666666666667,0.00166666666666648,TRUE
1290,0,0,2.15,2.12833333333333,0.00166666666666648,TRUE
1291,0,0,2.15166666666667,2.13,0.00166666666666648,TRUE
1292,0,0,2.15333333333333,2.13166666666667,0.00166666666666693,TRUE
1293,0,0,2.155,2.13333333333333,0.00166666666666693,TRUE
1294,0,0,2.15666666666667,2.135,0.00166666666666648,TRUE
1295,0,0,2.15833333333333,2.13666666666667,0.00166666666666648,TRUE
1296,0,0,2.16,2.13833333333333,0.00166666666666648,TRUE
1297,0,0,2.16166666666667,2.14,0.00166666666666693,TRUE
1298,0,0,2.16333333333333,2.14166666666667,0.00166666666666693,TRUE
1299,0,0,2.165,2.14333333333333,0.00166666666666648,TRUE
1300,0,0,2.16666666666667,2.145,0.00166666666666648,TRUE
1301,0,0,2.16833333333333,2.14666666666667,0.00166666666666693,TRUE
1302,0,0,2.17,2.14833333333333,0.00166666666666648,TRUE
1303,0,0,2.17166666666667,2.15,0.00166666666666693,TRUE
1304,0,0,2.17333333333333,2.15166666666667,0.00166666666666648,TRUE
1305,0,0,2.175,2.15333333333333,0.00166666666666648,TRUE
1306,0,0,2.17666666666667,2.155,0.00166666666666693,TRUE
1307,0,0,2.17833333333333,2.15666666666667,0.00166666666666648,TRUE
1308,0,0,2.18,2.15833333333333,0.00166666666666693,TRUE
1309,0,0,2.18166666666667,2.16,0.00166666666666648,TRUE
1310,0,0,2.18333333333333,2.16166666666667,0.00166666666666648,TRUE
1315,19.6977156035922,196.977156035922,2.19166666666667,2.17,0.00833333333333375,FALSE
1316,19.6977156035922,196.977156035922,2.19333333333333,2.17166666666667,0.00166666666666648,FALSE
1317,20.6155281280883,206.155281280883,2.195,2.17333333333333,0.00166666666666648,FALSE
1318,21.9317121994613,219.317121994613,2.19666666666667,2.175,0.00166666666666693,FALSE
1319,21.4709105535839,214.709105535839,2.19833333333333,2.17666666666667,0.00166666666666648,FALSE
1320,20.591260281974,205.91260281974,2.2,2.17833333333333,0.00166666666666693,FALSE
1321,21.6333076527839,216.333076527839,2.20166666666667,2.18,0.00166666666666648,FALSE
1322,22.8035085019828,228.035085019828,2.20333333333333,2.18166666666667,0.00166666666666648,FALSE
1323,23.43074902772,234.3074902772,2.205,2.18333333333333,0.00166666666666693,FALSE
1324,25.4558441227157,254.558441227157,2.20666666666667,2.185,0.00166666666666648,FALSE
1325,28.3196045170126,283.196045170126,2.20833333333333,2.18666666666667,0.00166666666666693,FALSE
1327,32.8024389337135,328.024389337135,2.21166666666667,2.19,0.00333333333333297,FALSE
1328,35.8050275799363,358.050275799363,2.21333333333333,2.19166666666667,0.00166666666666693,FALSE
1329,36.0555127546399,360.555127546399,2.215,2.19333333333333,0.00166666666666693,FALSE
1330,38.0788655293195,380.788655293195,2.21666666666667,2.195,0.00166666666666648,FALSE
1331,39.3573373083089,393.573373083089,2.21833333333333,2.19666666666667,0.00166666666666648,FALSE
1332,38.9101529166874,389.101529166874,2.22,2.19833333333333,0.00166666666666648,FALSE
1333,40.853396431631,408.53396431631,2.22166666666667,2.2,0.00166666666666693,FALSE
1334,42.3792402008342,423.792402008342,2.22333333333333,2.20166666666667,0.00166666666666693,FALSE
1335,43.3243580448689,433.243580448689,2.225,2.20333333333333,0.00166666666666648,FALSE
1336,43.6806593356831,436.806593356831,2.22666666666667,2.205,0.00166666666666648,FALSE
1337,45.8911756223351,458.911756223351,2.22833333333333,2.20666666666667,0.00166666666666648,FALSE
1338,43.7378554572581,437.378554572581,2.23,2.20833333333333,0.00166666666666693,FALSE
1339,45.2769256906871,452.769256906871,2.23166666666667,2.21,0.00166666666666693,FALSE
1340,45.1774279923061,451.774279923061,2.23333333333333,2.21166666666667,0.00166666666666648,FALSE
1341,46.0108682813094,460.108682813094,2.235,2.21333333333333,0.00166666666666648,FALSE
1342,43,430,2.23666666666667,2.215,0.00166666666666648,FALSE
1343,42.0475920832573,420.475920832573,2.23833333333333,2.21666666666667,0.00166666666666737,FALSE
1344,37.2155881318568,372.155881318568,2.24,2.21833333333333,0.00166666666666648,FALSE
1345,36.6742416417845,366.742416417845,2.24166666666667,2.22,0.00166666666666648,FALSE
1346,32.0156211871642,320.156211871642,2.24333333333333,2.22166666666667,0.00166666666666648,FALSE
1347,26.9258240356725,269.258240356725,2.245,2.22333333333333,0.00166666666666648,FALSE
1348,26.2488094968134,262.488094968134,2.24666666666667,2.225,0.00166666666666737,FALSE
1352,21.9544984001001,219.544984001001,2.25333333333333,2.23166666666667,0.00666666666666593,FALSE
1354,21.2602916254693,212.602916254693,2.25666666666667,2.235,0.00333333333333385,FALSE
1357,21.4009345590327,214.009345590327,2.26166666666667,2.24,0.00499999999999945,FALSE
1358,20.8086520466848,208.086520466848,2.26333333333333,2.24166666666667,0.00166666666666737,FALSE
1361,18.3847763108502,183.847763108502,2.26833333333333,2.24666666666667,0.00499999999999945,FALSE
1362,18.9736659610103,189.736659610103,2.27,2.24833333333333,0.00166666666666693,FALSE
1363,17.7200451466693,177.200451466693,2.27166666666667,2.25,0.00166666666666693,FALSE
1368,0,0,2.28,2.25833333333333,0.0083333333333333,TRUE
1370,20.1246117974981,201.246117974981,2.28333333333333,2.26166666666667,0.00333333333333297,FALSE
1371,18.8679622641132,188.679622641132,2.285,2.26333333333333,0.00166666666666648,FALSE
1372,0,0,2.28666666666667,2.265,0.00166666666666693,TRUE
1373,0,0,2.28833333333333,2.26666666666667,0.00166666666666693,TRUE
1439,20.6155281280883,206.155281280883,2.39833333333333,2.37666666666667,0.11,FALSE
1440,22.3606797749979,223.606797749979,2.4,2.37833333333333,0.00166666666666648,FALSE
1441,22.4722050542442,224.722050542442,2.40166666666667,2.38,0.00166666666666648,FALSE
1442,22.4722050542442,224.722050542442,2.40333333333333,2.38166666666667,0.00166666666666693,FALSE
1443,26.4007575648882,264.007575648882,2.405,2.38333333333333,0.00166666666666693,FALSE
1444,28.3196045170126,283.196045170126,2.40666666666667,2.385,0.00166666666666648,FALSE
1445,31.1126983722081,311.126983722081,2.40833333333333,2.38666666666667,0.00166666666666648,FALSE
1446,34.828149534536,348.28149534536,2.41,2.38833333333333,0.00166666666666648,FALSE
1447,35.6089876295297,356.089876295297,2.41166666666667,2.39,0.00166666666666693,FALSE
1448,36.6196668472011,366.196668472011,2.41333333333333,2.39166666666667,0.00166666666666693,FALSE
1449,36.3593179253957,363.593179253957,2.415,2.39333333333333,0.00166666666666648,FALSE
1450,39.3573373083089,393.573373083089,2.41666666666667,2.395,0.00166666666666648,FALSE
1451,37.5765884561119,375.765884561119,2.41833333333333,2.39666666666667,0.00166666666666693,FALSE
1452,39.3954312071844,393.954312071844,2.42,2.39833333333333,0.00166666666666648,FALSE
1453,37.3363094051889,373.363094051889,2.42166666666667,2.4,0.00166666666666693,FALSE
1454,37.9473319220206,379.473319220206,2.42333333333333,2.40166666666667,0.00166666666666648,FALSE
1455,37.9473319220206,379.473319220206,2.425,2.40333333333333,0.00166666666666648,FALSE
1456,40.024992192379,400.24992192379,2.42666666666667,2.405,0.00166666666666693,FALSE
1457,36.8781778291715,368.781778291715,2.42833333333333,2.40666666666667,0.00166666666666648,FALSE
1458,35.9026461420325,359.026461420325,2.43,2.40833333333333,0.00166666666666693,FALSE
1459,34.2344855372474,342.344855372474,2.43166666666667,2.41,0.00166666666666648,FALSE
1460,34.132096331752,341.32096331752,2.43333333333333,2.41166666666667,0.00166666666666648,FALSE
1461,34.0147027033899,340.147027033899,2.435,2.41333333333333,0.00166666666666693,FALSE
1462,37.0540146272978,370.540146272978,2.43666666666667,2.415,0.00166666666666648,FALSE
1463,39.4588393138977,394.588393138977,2.43833333333333,2.41666666666667,0.00166666666666693,FALSE
1464,40.2616442783948,402.616442783948,2.44,2.41833333333333,0.00166666666666648,FALSE
1465,43.0116263352131,430.116263352131,2.44166666666667,2.42,0.00166666666666693,FALSE
1466,42.3792402008342,423.792402008342,2.44333333333333,2.42166666666667,0.00166666666666648,FALSE
1467,40.3112887414927,403.112887414927,2.445,2.42333333333333,0.00166666666666648,FALSE
1468,35.7770876399966,357.770876399966,2.44666666666667,2.425,0.00166666666666693,FALSE
1469,35.3553390593274,353.553390593274,2.44833333333333,2.42666666666667,0.00166666666666648,FALSE
1470,35,350,2.45,2.42833333333333,0.00166666666666693,FALSE
1471,33.9705755029261,339.705755029261,2.45166666666667,2.43,0.00166666666666648,FALSE
1472,33.9705755029261,339.705755029261,2.45333333333333,2.43166666666667,0.00166666666666648,FALSE
1473,32.8024389337135,328.024389337135,2.455,2.43333333333333,0.00166666666666693,FALSE
1474,33.6154726279432,336.154726279432,2.45666666666667,2.435,0.00166666666666648,FALSE
1475,31.3049516849971,313.049516849971,2.45833333333333,2.43666666666667,0.00166666666666693,FALSE
1476,30.0832179129826,300.832179129826,2.46,2.43833333333333,0.00166666666666648,FALSE
1477,26.6833281282527,266.833281282527,2.46166666666667,2.44,0.00166666666666648,FALSE
1478,26.3058928759318,263.058928759318,2.46333333333333,2.44166666666667,0.00166666666666693,FALSE
1479,25.0199920063936,250.199920063936,2.465,2.44333333333333,0.00166666666666693,FALSE
1480,22.0227155455452,220.227155455452,2.46666666666667,2.445,0.00166666666666648,FALSE
1481,20.0997512422418,200.997512422418,2.46833333333333,2.44666666666667,0.00166666666666648,FALSE
1482,19.6468827043885,196.468827043885,2.47,2.44833333333333,0.00166666666666648,FALSE
1483,21.1896201004171,211.896201004171,2.47166666666667,2.45,0.00166666666666693,FALSE
1484,21.0237960416286,210.237960416286,2.47333333333333,2.45166666666667,0.00166666666666693,FALSE
1485,21.9544984001001,219.544984001001,2.475,2.45333333333333,0.00166666666666648,FALSE
1486,21.6333076527839,216.333076527839,2.47666666666667,2.455,0.00166666666666648,FALSE
1540,0,0,2.56666666666667,2.545,0.0900000000000003,TRUE
1541,0,0,2.56833333333333,2.54666666666667,0.00166666666666648,TRUE
1542,0,0,2.57,2.54833333333333,0.00166666666666648,TRUE
1543,0,0,2.57166666666667,2.55,0.00166666666666693,TRUE
1544,0,0,2.57333333333333,2.55166666666667,0.00166666666666648,TRUE
1545,0,0,2.575,2.55333333333333,0.00166666666666693,TRUE
1546,0,0,2.57666666666667,2.555,0.00166666666666648,TRUE
1547,0,0,2.57833333333333,2.55666666666667,0.00166666666666648,TRUE
1548,19.2093727122985,192.093727122985,2.58,2.55833333333333,0.00166666666666693,FALSE
1549,20.5182845286832,205.182845286832,2.58166666666667,2.56,0.00166666666666648,FALSE
1550,20.5182845286832,205.182845286832,2.58333333333333,2.56166666666667,0.00166666666666693,FALSE
1551,19.1049731745428,191.049731745428,2.585,2.56333333333333,0.00166666666666648,FALSE
1552,21.2602916254693,212.602916254693,2.58666666666667,2.565,0.00166666666666648,FALSE
1553,22.8035085019828,228.035085019828,2.58833333333333,2.56666666666667,0.00166666666666693,FALSE
1554,23.8537208837531,238.537208837531,2.59,2.56833333333333,0.00166666666666693,FALSE
1555,25.5538646783613,255.538646783613,2.59166666666667,2.57,0.00166666666666648,FALSE
1556,23.7065391822594,237.065391822594,2.59333333333333,2.57166666666667,0.00166666666666648,FALSE
1557,22.8254244210267,228.254244210267,2.595,2.57333333333333,0.00166666666666648,FALSE
1558,20.1246117974981,201.246117974981,2.59666666666667,2.575,0.00166666666666693,FALSE
1559,0,0,2.59833333333333,2.57666666666667,0.00166666666666693,TRUE
1560,0,0,2.6,2.57833333333333,0.00166666666666648,TRUE
1561,0,0,2.60166666666667,2.58,0.00166666666666648,TRUE
1562,0,0,2.60333333333333,2.58166666666667,0.00166666666666648,TRUE
1563,0,0,2.605,2.58333333333333,0.00166666666666693,TRUE
1564,0,0,2.60666666666667,2.585,0.00166666666666693,TRUE
1565,0,0,2.60833333333333,2.58666666666667,0.00166666666666648,TRUE
1566,0,0,2.61,2.58833333333333,0.00166666666666648,TRUE
1567,0,0,2.61166666666667,2.59,0.00166666666666648,TRUE
1568,0,0,2.61333333333333,2.59166666666667,0.00166666666666737,TRUE
1569,0,0,2.615,2.59333333333333,0.00166666666666648,TRUE
1570,0,0,2.61666666666667,2.595,0.00166666666666648,TRUE
1571,0,0,2.61833333333333,2.59666666666667,0.00166666666666648,TRUE
1572,23.0217288664427,230.217288664427,2.62,2.59833333333333,0.00166666666666648,FALSE
1573,24.0208242989286,240.208242989286,2.62166666666667,2.6,0.00166666666666737,FALSE
1574,25,250,2.62333333333333,2.60166666666667,0.00166666666666648,FALSE
1575,28.0713376952364,280.713376952364,2.625,2.60333333333333,0.00166666666666648,FALSE
